date,provider,headline,tickers
2025-07-23,PR Newswire,High-Growth Oncology Market Projected For US$900bn in Revenue Despite Policy Headwinds,['US']
2025-07-23,ACCESSWIRE,Lexaria's DehydraTECH Technology Has the Potential to Unlock Accelerated Revenue Growth in the GLP-1-Industry,['GLP']
2025-07-23,Insider Monkey,Aristotle Atlantic's Core Equity Strategy Sold Zoetis (ZTS) Due to Competition Concerns,['ZTS']
2025-07-23,GlobeNewswire,EXL Recognized as Market Leader by Everest Group in its Group Life Insurance and Benefits Core Technology Products PEAK Matrix Assessment 2025 - North America,"['EXL', 'PEAK']"
2025-07-23,Insider Monkey,Chubb Limited (CB) Slid on Market Rotation,['CB']
2025-07-23,GuruFocus.com,What To Expect From Newmont Corp (ASX:NEM) Q2 2025 Earnings,"['ASX', 'NEM']"
2025-07-23,Insider Monkey,Becton,[]
2025-07-23,GuruFocus.com,What To Expect From Cemex SAB de CV (MEX:CEMEXCPO) Q2 2025 Earnings,"['CV', 'MEX', 'SAB']"
2025-07-23,Barrons.com,U.S-Japan Trade Deal Could Spark a Flurry of Other Tariff News,"['S', 'U']"
2025-07-23,Business Wire,American Tower Corporation Releases 2024 Sustainability Executive Report,[]
2025-07-23,Insider Monkey,Here's Why Broadcom (AVGO) Surged in Q2,['AVGO']
2025-07-23,PR Newswire,NYSE Content Advisory: Pre-market update + NIQ to debut,"['NYSE', 'NIQ']"
2025-07-23,GlobeNewswire,Global Software-Defined Vehicles (SDVs) Market Report 2026-2036 | SDV Market Forecast - $470 Billion in 2026 to $1.19 Trillion in 2036,['SDV']
2025-07-23,PR Newswire,NYSE Content Advisory: Pre-market update + NIQ to debut,"['NYSE', 'NIQ']"
2025-07-23,Barrons.com,Talen Energy Stock,[]
2025-07-23,Investor's Business Daily,Abivax Hits The Stratosphere,[]
2025-07-23,PR Newswire,Back-to-Back Catalysts Line Up for U.S. Oil and Gas Producers as Domestic Output Tightens,"['S', 'U']"
2025-07-23,PR Newswire,Carnival Corporation Executive Vicky Rey Appointed to Champions 12.3 Global Coalition,[]
2025-07-23,PR Newswire,Universal Technical Institute,[]
2025-07-23,PR Newswire,Crossmark Global Investments Launches Two Active Values-Based ETFs,[]
2025-07-23,PR Newswire,Health In Tech to Host Independent InsurTech Summit in Davos During World Economic Forum Week 2026,[]
2025-07-23,GlobeNewswire,Greene County Bancorp,[]
2025-07-23,GlobeNewswire,Diane Davis Appointed to Boards of First Fed and First Northwest Bancorp,[]
2025-07-23,GlobeNewswire,Asia Pacific Core Banking Software Analysis Report 2025-2032 | China Leads the Market with India and Japan Showing Robust Growth,[]
2025-07-23,Benzinga,GE Vernova Lifts Outlook As Revenue And Orders Surge,['GE']
2025-07-23,Investor's Business Daily,Stock Market Today: Dow Rallies 200 Points On Trump Trade Deal; Nvidia Rallies (Live Coverage),[]
2025-07-23,Insider Monkey,Weak Demand Affected Monro's (MNRO) Profitability in Q2,['MNRO']
2025-07-23,MarketBeat,Coca-Cola Q2 Margins Rise; Is KO Stock Undervalued?,['KO']
2025-07-23,Barrons.com,These Stocks Are Moving the Most Today: Tesla,[]
2025-07-23,Investing.com,Freeport-McMoRan tops Q2 estimates on stronger copper sales,[]
2025-07-23,GlobeNewswire,"Silynxcom Secures $500,000 of New Orders from Israel Defense Forces",[]
2025-07-23,Associated Press Finance,Capitol Federal: Fiscal Q3 Earnings Snapshot,[]
2025-07-23,The Wall Street Journal,Lamb Weston Revenue Rises as Restructuring Underway,[]
2025-07-23,Associated Press Finance,NVR: Q2 Earnings Snapshot,['NVR']
2025-07-23,PR Newswire,"Happy Cappy® Expands Nationwide with CVS Launch in 6,800 Stores",['CVS']
2025-07-23,PR Newswire,Marvell Appoints Rajiv Ramaswami to its Board of Directors,[]
2025-07-23,GlobeNewswire,Usio to Host Second Quarter 2025 Conference Call to Discuss Results and Provide Company Update on August 6,[]
2025-07-23,GlobeNewswire,PacBio Joins the 1000 Genomes Long Read Project to Add Isoform Sequencing with Kinnex and Revio,[]
2025-07-23,PR Newswire,Avalere Health welcomes Rhiannon Meaden,[]
2025-07-23,PR Newswire,Marvell Appoints Rajiv Ramaswami to its Board of Directors,[]
2025-07-23,Insider Monkey,Should You Invest in The Scotts Miracle-Gro Company (SMG)?,['SMG']
2025-07-23,PR Newswire,Aero Tec Laboratories (ATL) Supplies Every World Rally Championship Car Using Equipment Made With DuPont's Kevlar EXO,"['ATL', 'EXO']"
2025-07-23,Business Wire,Macys Launches Black Friday in July with Incredible Deals on Summer Essentials,[]
2025-07-23,GuruFocus.com,Complete Solaria Inc (SPWR) Q2 2025 Earnings Call Highlights: Navigating Challenges with ...,['SPWR']
2025-07-23,ACCESSWIRE,Vox Royalty Announces Major Expansion Approval at Binduli North Gold Project,[]
2025-07-23,ACCESSWIRE,IGC Pharma to Present Advanced AI Platforms for Alzheimer's Disease at the AAIC 2025,"['AAIC', 'IGC', 'AI']"
2025-07-23,ACCESSWIRE,ReElement Technologies and Electrified Materials and Blackion Announce Strategic Battery Recycling Collaboration,[]
2025-07-23,ACCESSWIRE,Sadot Group Takes Stake in High-Integrity Blue Carbon Project in Indonesia - Expanding its Commitment to Decarbonizing Global Supply Chains,[]
2025-07-23,PR Newswire,Invesco Continues to Expand Active Fixed Income Line-Up to Meet Investor Needs,[]
2025-07-23,PR Newswire,Enterprises That Fall Behind in AI Race Risk $87 Million Annual Loss,['AI']
2025-07-23,PR Newswire,CVS Health opens new Workforce Innovation and Talent Center in Columbus,['CVS']
2025-07-23,PR Newswire,NVR,['NVR']
2025-07-23,PR Newswire,Victoria's Secret Introduces Powerful Bra Innovation to its #1 Collection,[]
2025-07-23,PR Newswire,CHOICE HOTELS INTERNATIONAL LAUNCHES TWO NEW MARKETING CAMPAIGNS FOCUSED ON ITS FOUR EXTENDED STAY BRANDS TO BOOST BRAND AWARENESS AND DRIVE BOOKINGS,"['NEW', 'AND', 'STAY', 'FOUR', 'TO', 'ON', 'TWO', 'BRAND', 'DRIVE', 'BOOST', 'ITS']"
2025-07-23,PR Newswire,Lucid Launches Collaborative with Critical Minerals Producers to Further Strengthen Supply Chain for American Automotive and EV Manufacturing,['EV']
2025-07-23,PR Newswire,Avidity Biosciences Receives FDA Breakthrough Therapy Designation for Delpacibart Zotadirsen (del-zota) for the Treatment of DMD in People with Mutations Amenable to Exon 44 Skipping,"['DMD', 'FDA']"
2025-07-23,PR Newswire,Synchrony and Dental Intelligence Partner to Simplify Payment and Marketing Solutions for Dentists,[]
2025-07-23,PR Newswire,ALLEGIANT TRAVEL COMPANY SCHEDULES SECOND QUARTER 2025 EARNINGS CALL,['CALL']
2025-07-23,PR Newswire,First Community Corporation Announces Record Earnings and Increased Cash Dividend,[]
2025-07-23,PR Newswire,Former Cruise President and CTO Mohamed Elshenawy Joins Kodiak Robotics Board of Directors,['CTO']
2025-07-23,PR Newswire,Goodyear Assurance MaxLife 2: Goodyear's Longest-Lasting Tire Now Available in U.S. and Canada,"['S', 'U']"
2025-07-23,GlobeNewswire,Philips advances minimally invasive therapy procedures in prostate cancer care with FDA 510(k) clearance for image-guided navigation technology,['FDA']
2025-07-23,GlobeNewswire,Elevate Mealtime with New Tyson Simple Ingredient Nuggets,[]
2025-07-23,GlobeNewswire,Natural Health Trends to Report Second Quarter 2025 Financial Results on July 30th,[]
2025-07-23,GlobeNewswire,Upwork Evolves Uma AI into AI Work Agent,['AI']
2025-07-23,GlobeNewswire,Rapid7 Labs Security Researchers to Speak at Black Hat USA 2025 and DEF CON 33,"['CON', 'DEF', 'USA']"
2025-07-23,GlobeNewswire,NeOnc Technologies' Executive Chairman to Be Featured in Live Interview with Kenny Polcari on YouTube.com/@Floorstocks - Today at 11:00 a.m. ET,['ET']
2025-07-23,GlobeNewswire,"Grayscale Investments Low-Cost Bitcoin ETP (Ticker: BTC) Surpasses $5,000,000,000 in AUM Within First Year and Expands Access Through Major Wealth Management Platform","['BTC', 'AUM', 'ETP']"
2025-07-23,GlobeNewswire,Varonis Secures HDS Certification,['HDS']
2025-07-23,GlobeNewswire,Ikena Oncology and Inmagene Biopharmaceuticals Announce Kristin Yarema,[]
2025-07-23,GlobeNewswire,Graphjet visited by Japanese trading company,[]
2025-07-23,Business Wire,"Buy with Prime Powers Revlons Limited-Edition ""Flavortown"" Lip Balm Launch with Guy Fieri",[]
2025-07-23,Business Wire,Capitol Federal Financial,[]
2025-07-23,Business Wire,Cornelis CN5000 Deployed by U.S. Department of Energys National Nuclear Security Administration at Lawrence Livermore National Laboratory,"['S', 'U']"
2025-07-23,PR Newswire,Former Cruise President and CTO Mohamed Elshenawy Joins Kodiak Robotics Board of Directors,['CTO']
2025-07-23,PR Newswire,Govini Selected as a Core Partner for U.S. Army's Next Phase of Next Generation Command and Control (NGC2),"['S', 'U']"
2025-07-23,Business Wire,Insa Achieves Exceptional Yields with Fluence LED Technology,['LED']
2025-07-23,GlobeNewswire,LayerX Becomes First Enterprise Browser Company to Support Perplexitys New Comet Browser,[]
2025-07-23,PR Newswire,Lost In Transition: Gaps in Career Paths Costing Canada's Economy C$146 Billion Annually,['C']
2025-07-23,Newsfile,Noble Plains Uranium Expands Shirley East Project in Wyoming,[]
2025-07-23,Business Wire,Olto Raises $5.1M to Transform B2B Sales with AI,['AI']
2025-07-23,PR Newswire,Payactiv Named a Workday Partner,[]
2025-07-23,Business Wire,"Paychex Again Named to Selling Powers ""60 Best Companies to Sell For"" 2025 List",[]
2025-07-23,Business Wire,"Porch Groups Home Factors Audience Drives 1,054% ROI for Regional Home Improvement Brand",['ROI']
2025-07-23,Business Wire,New Progresso® Pitmaster Soups Take on Grilling Season Without the Grill,[]
2025-07-23,Business Wire,Regions Bank Unveils Mobile App Enhancements,[]
2025-07-23,Business Wire,Thermo Fisher Scientifics Chief Financial Officer,[]
2025-07-23,Business Wire,The University of Melbourne Selects Rimini Street to Reduce Risk and Accelerate Innovation Around its Oracle Systems,[]
2025-07-23,Business Wire,Sydney Sweeney Has Great (American Eagle) Jeans,[]
2025-07-23,Business Wire,Insight Named an 'Emerging Visionary' in Inaugural Gartner Innovation Guide for Generative AI Consulting and Implementation Services,['AI']
